Molecules,SMILES,Ads.E,SELFIES,GroupSELFIES
mol1,C(N)(C(O)=O)C(C1=CC(O)=C(O)C=C1),16.51,[C][Branch1][C][N][Branch1][=Branch1][C][Branch1][C][O][=O][C][C][=C][C][Branch1][C][O][=C][Branch1][C][O][C][=C][Ring1][Branch2],[C][Branch][:0amino][pop][Branch][:0carboxyl][pop][C][:2Catechol]
mol2,C(C)(N)(C(O)=O)C(C1=CC(O)=C(O)C=C1),23.1,[C][Branch1][C][C][Branch1][C][N][Branch1][=Branch1][C][Branch1][C][O][=O][C][C][=C][C][Branch1][C][O][=C][Branch1][C][O][C][=C][Ring1][Branch2],[C][Branch][:0methyl][pop][Branch][:0amino][pop][Branch][:0carboxyl][pop][C][:2Catechol]
mol3,C(N)(C(O)=O)C(O)(C1=CC(O)=C(O)C=C1),24.01,[C][Branch1][C][N][Branch1][=Branch1][C][Branch1][C][O][=O][C][Branch1][C][O][C][=C][C][Branch1][C][O][=C][Branch1][C][O][C][=C][Ring1][Branch2],[C][Branch][:0amino][pop][Branch][:0carboxyl][pop][C][Branch][:0hydroxly][pop][:2Catechol]
mol4,C(N)(C(O)=O)C(C1=C(C(=O)C)C(O)=C(O)C=C1),26.64,[C][Branch1][C][N][Branch1][=Branch1][C][Branch1][C][O][=O][C][C][=C][Branch1][=Branch1][C][=Branch1][C][=O][C][C][Branch1][C][O][=C][Branch1][C][O][C][=C][Ring1][O],[C][Branch][:0amino][pop][Branch][:0carboxyl][pop][C][:2Catechol][Ring1][:0acetyl ][pop]
mol5,C(N)(C(O)=O)C(C1=C(C(F)(F)(F))C(O)=C(O)C=C1),23.82,[C][Branch1][C][N][Branch1][=Branch1][C][Branch1][C][O][=O][C][C][=C][Branch1][=Branch2][C][Branch1][C][F][Branch1][C][F][F][C][Branch1][C][O][=C][Branch1][C][O][C][=C][Ring1][N],[C][Branch][:0amino][pop][Branch][:0carboxyl][pop][C][:2Catechol][Ring1][:0trifluoromethyl][pop]
mol6,C(N)(C(O)=O)C(C1=C(C(O))C(O)=C(O)C=C1),23.96,[C][Branch1][C][N][Branch1][=Branch1][C][Branch1][C][O][=O][C][C][=C][Branch1][Ring1][C][O][C][Branch1][C][O][=C][Branch1][C][O][C][=C][Ring1][#Branch2],[C][Branch][:0amino][pop][Branch][:0carboxyl][pop][C][:2Catechol][Ring1][:0hydroxymethyl][pop]
mol7,C(N)(C(O)=O)C(C1=C(C(Cl))C(O)=C(O)C=C1),19.08,[C][Branch1][C][N][Branch1][=Branch1][C][Branch1][C][O][=O][C][C][=C][Branch1][Ring1][C][Cl][C][Branch1][C][O][=C][Branch1][C][O][C][=C][Ring1][#Branch2],[C][Branch][:0amino][pop][Branch][:0carboxyl][pop][C][:2Catechol][Ring1][:0chloromethyl][pop]
mol8,C(N)(C(O)=O)C(C1=C(S)C(O)=C(O)C=C1),17.55,[C][Branch1][C][N][Branch1][=Branch1][C][Branch1][C][O][=O][C][C][=C][Branch1][C][S][C][Branch1][C][O][=C][Branch1][C][O][C][=C][Ring1][=Branch2],[C][Branch][:0amino][pop][Branch][:0carboxyl][pop][C][:2Catechol][Ring1][:0thiol][pop]
mol9,C(N)(C(O)=O)C(C1=C(C(F))C(O)=C(O)C=C1),19.16,[C][Branch1][C][N][Branch1][=Branch1][C][Branch1][C][O][=O][C][C][=C][Branch1][Ring1][C][F][C][Branch1][C][O][=C][Branch1][C][O][C][=C][Ring1][#Branch2],[C][Branch][:0amino][pop][Branch][:0carboxyl][pop][C][:2Catechol][Ring1][:0fluoromethyl][pop]
mol10,C(N)(C(O)=O)C(C1=C(C(C#N))C(O)=C(O)C=C1),24.3,[C][Branch1][C][N][Branch1][=Branch1][C][Branch1][C][O][=O][C][C][=C][Branch1][Ring2][C][C][#N][C][Branch1][C][O][=C][Branch1][C][O][C][=C][Ring1][O],[C][Branch][:0amino][pop][Branch][:0carboxyl][pop][C][:2Catechol][Ring1][:0cyanomethyl][pop]
mol11,C(N)(C(O)=O)C(C1=CC(O)=C(O)C(Cl)=C1),23.28,[C][Branch1][C][N][Branch1][=Branch1][C][Branch1][C][O][=O][C][C][=C][C][Branch1][C][O][=C][Branch1][C][O][C][Branch1][C][Cl][=C][Ring1][=Branch2],[C][Branch][:0amino][pop][Branch][:0carboxyl][pop][C][:2Catechol][Ring2][:0chloro ][pop]
mol12,C(N)(C(O)=O)C(C1=CC(O)=C(O)C(C(=O)OC(C2=CC=CC=C2))=C1),16.55,[C][Branch1][C][N][Branch1][=Branch1][C][Branch1][C][O][=O][C][C][=C][C][Branch1][C][O][=C][Branch1][C][O][C][Branch1][#C][C][=Branch1][C][=O][O][C][C][=C][C][=C][C][=C][Ring1][=Branch1][=C][Ring2][Ring1][C],[C][Branch][:0amino][pop][Branch][:0carboxyl][pop][C][:2Catechol][Ring2][:0ester][Ring1][:0benzyl][pop][pop]
mol13,C(N)(C(=O)OC)C(C1=CC(O)=C(O)C=C1),17.12,[C][Branch1][C][N][Branch1][#Branch1][C][=Branch1][C][=O][O][C][C][C][=C][C][Branch1][C][O][=C][Branch1][C][O][C][=C][Ring1][Branch2],[C][Branch][:0amino][pop][Branch][:0ester][Ring1][:0methyl][pop][pop][C][:2Catechol]
mol14,C(NCC)(C(O)=O)C(C1=CC(O)=C(O)C=C1),23.84,[C][Branch1][Ring2][N][C][C][Branch1][=Branch1][C][Branch1][C][O][=O][C][C][=C][C][Branch1][C][O][=C][Branch1][C][O][C][=C][Ring1][Branch2],[C][Branch][N][:0ethyl][pop][Branch][:0carboxyl][pop][C][:2Catechol]
mol15,C(N)(C(O)=O)C(C1=CC(O)=C(O)C(F)=C1),17.98,[C][Branch1][C][N][Branch1][=Branch1][C][Branch1][C][O][=O][C][C][=C][C][Branch1][C][O][=C][Branch1][C][O][C][Branch1][C][F][=C][Ring1][=Branch2],[C][Branch][:0amino][pop][Branch][:0carboxyl][pop][C][:2Catechol][Ring2][:0fluoro][pop]
mol16,C(N)(C(O)=O)C(C1=CC(O)=C(O)C(C#N)=C1),19.27,[C][Branch1][C][N][Branch1][=Branch1][C][Branch1][C][O][=O][C][C][=C][C][Branch1][C][O][=C][Branch1][C][O][C][Branch1][Ring1][C][#N][=C][Ring1][#Branch2],[C][Branch][:0amino][pop][Branch][:0carboxyl][pop][C][:2Catechol][Ring2][:0cyano][pop]
mol17,C(N)(C(O)=O)C(C1=CC(O)=C(O)C([N+]([O-])=O)=C1),26.13,[C][Branch1][C][N][Branch1][=Branch1][C][Branch1][C][O][=O][C][C][=C][C][Branch1][C][O][=C][Branch1][C][O][C][Branch1][=Branch1][N+1][Branch1][C][O-1][=O][=C][Ring1][O],[C][Branch][:0amino][pop][Branch][:0carboxyl][pop][C][:2Catechol][Ring2][:0nitro][pop]
mol18,C(N)(C(O)=O)C(C1=CC(O)=C(O)C(C=O)=C1),24.92,[C][Branch1][C][N][Branch1][=Branch1][C][Branch1][C][O][=O][C][C][=C][C][Branch1][C][O][=C][Branch1][C][O][C][Branch1][Ring1][C][=O][=C][Ring1][#Branch2],[C][Branch][:0amino][pop][Branch][:0carboxyl][pop][C][:2Catechol][Ring2][:0aldehyde][pop]
mol19,C(N)(C(O)=O)C(C1=C(O)C(O)=C(O)C=C1),18.88,[C][Branch1][C][N][Branch1][=Branch1][C][Branch1][C][O][=O][C][C][=C][Branch1][C][O][C][Branch1][C][O][=C][Branch1][C][O][C][=C][Ring1][=Branch2],[C][Branch][:0amino][pop][Branch][:0carboxyl][pop][C][:2Catechol][Ring1][:0hydroxly][pop]
mol20,C(N)(C(O)=O)C(C1=C(C(C)(C)(C))C(O)=C(O)C=C1),22.86,[C][Branch1][C][N][Branch1][=Branch1][C][Branch1][C][O][=O][C][C][=C][Branch1][=Branch2][C][Branch1][C][C][Branch1][C][C][C][C][Branch1][C][O][=C][Branch1][C][O][C][=C][Ring1][N],[C][Branch][:0amino][pop][Branch][:0carboxyl][pop][C][:2Catechol][Ring1][:0tertButyl][pop]
mol21,C(N)(C(O)=O)C(C1=CC(O)=C(O)C(C(=O)C)=C1),26.98,[C][Branch1][C][N][Branch1][=Branch1][C][Branch1][C][O][=O][C][C][=C][C][Branch1][C][O][=C][Branch1][C][O][C][Branch1][=Branch1][C][=Branch1][C][=O][C][=C][Ring1][O],[C][Branch][:0amino][pop][Branch][:0carboxyl][pop][C][:2Catechol][Ring2][:0acetyl ][pop]
mol22,C(N)(C(O)=O)C(C1=CC(O)=C(O)C(C)=C1),24.84,[C][Branch1][C][N][Branch1][=Branch1][C][Branch1][C][O][=O][C][C][=C][C][Branch1][C][O][=C][Branch1][C][O][C][Branch1][C][C][=C][Ring1][=Branch2],[C][Branch][:0amino][pop][Branch][:0carboxyl][pop][C][:2Catechol][Ring2][:0methyl][pop]
mol23,C(N)(C(O)=O)C(C1=CC(O)=C(O)C(C(F)(F)(F))=C1),25.09,[C][Branch1][C][N][Branch1][=Branch1][C][Branch1][C][O][=O][C][C][=C][C][Branch1][C][O][=C][Branch1][C][O][C][Branch1][=Branch2][C][Branch1][C][F][Branch1][C][F][F][=C][Ring1][N],[C][Branch][:0amino][pop][Branch][:0carboxyl][pop][C][:2Catechol][Ring2][:0trifluoromethyl][pop]
mol24,C(N)(C(O)=O)C(C1=CC(O)=C(O)C(C(C)(C)(C))=C1),25.53,[C][Branch1][C][N][Branch1][=Branch1][C][Branch1][C][O][=O][C][C][=C][C][Branch1][C][O][=C][Branch1][C][O][C][Branch1][=Branch2][C][Branch1][C][C][Branch1][C][C][C][=C][Ring1][N],[C][Branch][:0amino][pop][Branch][:0carboxyl][pop][C][:2Catechol][Ring2][:0tertButyl][pop]
mol25,C(N)(C(O)=O)C(C1=CC(O)=C(O)C(O)=C1),17.91,[C][Branch1][C][N][Branch1][=Branch1][C][Branch1][C][O][=O][C][C][=C][C][Branch1][C][O][=C][Branch1][C][O][C][Branch1][C][O][=C][Ring1][=Branch2],[C][Branch][:0amino][pop][Branch][:0carboxyl][pop][C][:2Catechol][Ring2][:0hydroxly][pop]
mol26,C(NC=O)(C(O)=O)C(C1=CC(O)=C(O)C=C1),18.3,[C][Branch1][Ring2][N][C][=O][Branch1][=Branch1][C][Branch1][C][O][=O][C][C][=C][C][Branch1][C][O][=C][Branch1][C][O][C][=C][Ring1][Branch2],[C][Branch][N][:0aldehyde][pop][Branch][:0carboxyl][pop][C][:2Catechol]
mol27,C(NC)(C(O)=O)C(C1=CC(O)=C(O)C=C1),23.99,[C][Branch1][Ring1][N][C][Branch1][=Branch1][C][Branch1][C][O][=O][C][C][=C][C][Branch1][C][O][=C][Branch1][C][O][C][=C][Ring1][Branch2],[C][Branch][N][:0methyl][pop][Branch][:0carboxyl][pop][C][:2Catechol]
mol28,C(N)(C(=O)OC2=CC=CC=C2)C(C1=CC(O)=C(O)C=C1),16.77,[C][Branch1][C][N][Branch1][=C][C][=Branch1][C][=O][O][C][=C][C][=C][C][=C][Ring1][=Branch1][C][C][=C][C][Branch1][C][O][=C][Branch1][C][O][C][=C][Ring1][Branch2],[C][Branch][:0amino][pop][Branch][:0ester][Ring1][:0phenyl][pop][pop][C][:2Catechol]
mol29,C(N)(C(O)=O)C(C1=C(Cl)C(O)=C(O)C=C1),17.97,[C][Branch1][C][N][Branch1][=Branch1][C][Branch1][C][O][=O][C][C][=C][Branch1][C][Cl][C][Branch1][C][O][=C][Branch1][C][O][C][=C][Ring1][=Branch2],[C][Branch][:0amino][pop][Branch][:0carboxyl][pop][C][:2Catechol][Ring1][:0chloro ][pop]
mol30,C(N)(C(O)=O)C(C1=C(C)C(O)=C(O)C=C1),25.3,[C][Branch1][C][N][Branch1][=Branch1][C][Branch1][C][O][=O][C][C][=C][Branch1][C][C][C][Branch1][C][O][=C][Branch1][C][O][C][=C][Ring1][=Branch2],[C][Branch][:0amino][pop][Branch][:0carboxyl][pop][C][:2Catechol][Ring1][:0methyl][pop]
mol31,C(C)(N(N))(C(O)=O)C(C1=CC(O)=C(O)C=C1),17.75,[C][Branch1][C][C][Branch1][Ring1][N][N][Branch1][=Branch1][C][Branch1][C][O][=O][C][C][=C][C][Branch1][C][O][=C][Branch1][C][O][C][=C][Ring1][Branch2],[C][Branch][:0methyl][pop][Branch][N][:0amino][pop][Branch][:0carboxyl][pop][C][:2Catechol]
mol32,C(C)(N(N))(C(O)=O)C(C1=CC(O)=C(O)C=C1(O)),19.37,[C][Branch1][C][C][Branch1][Ring1][N][N][Branch1][=Branch1][C][Branch1][C][O][=O][C][C][=C][C][Branch1][C][O][=C][Branch1][C][O][C][=C][Ring1][Branch2][O],[C][Branch][:0methyl][pop][Branch][N][:0amino][pop][Branch][:0carboxyl][pop][C][:2Catechol][Branch][:0hydroxly][pop]
mol33,C(N)(C(O)=O)C(C1=CC(O)=C(O)C=C1(F)),17.48,[C][Branch1][C][N][Branch1][=Branch1][C][Branch1][C][O][=O][C][C][=C][C][Branch1][C][O][=C][Branch1][C][O][C][=C][Ring1][Branch2][F],[C][Branch][:0amino][pop][Branch][:0carboxyl][pop][C][:2Catechol][Branch][:0fluoro][pop]
mol34,C(C)(N)(C(O)=O)C(C1=CC(O)=C(O)C=C1(F)),22.98,[C][Branch1][C][C][Branch1][C][N][Branch1][=Branch1][C][Branch1][C][O][=O][C][C][=C][C][Branch1][C][O][=C][Branch1][C][O][C][=C][Ring1][Branch2][F],[C][Branch][:0methyl][pop][Branch][:0amino][pop][Branch][:0carboxyl][pop][C][:2Catechol][Branch][:0fluoro][pop]
mol35,C(C)(N)(C(O)=O)C(C1=CC(O)=C(O)C=C1(Cl)),21.08,[C][Branch1][C][C][Branch1][C][N][Branch1][=Branch1][C][Branch1][C][O][=O][C][C][=C][C][Branch1][C][O][=C][Branch1][C][O][C][=C][Ring1][Branch2][Cl],[C][Branch][:0methyl][pop][Branch][:0amino][pop][Branch][:0carboxyl][pop][C][:2Catechol][Branch][:0chloro ][pop]
mol36,C(C)(N)(C(O)=O)C(C1=CC(O)=C(O)C=C1(C)),18.98,[C][Branch1][C][C][Branch1][C][N][Branch1][=Branch1][C][Branch1][C][O][=O][C][C][=C][C][Branch1][C][O][=C][Branch1][C][O][C][=C][Ring1][Branch2][C],[C][Branch][:0methyl][pop][Branch][:0amino][pop][Branch][:0carboxyl][pop][C][:2Catechol][Branch][:0methyl][pop]
mol37,C(N(N))(C(O)=O)C(C1=CC(O)=C(O)C=C1),15.87,[C][Branch1][Ring1][N][N][Branch1][=Branch1][C][Branch1][C][O][=O][C][C][=C][C][Branch1][C][O][=C][Branch1][C][O][C][=C][Ring1][Branch2],[C][Branch][N][:0amino][pop][Branch][:0carboxyl][pop][C][:2Catechol]
mol38,C(N)(C(O)=O)C(C1=CC(O)=C(O)C=C1(C)),18.2,[C][Branch1][C][N][Branch1][=Branch1][C][Branch1][C][O][=O][C][C][=C][C][Branch1][C][O][=C][Branch1][C][O][C][=C][Ring1][Branch2][C],[C][Branch][:0amino][pop][Branch][:0carboxyl][pop][C][:2Catechol][Branch][:0methyl][pop]
mol39,C(N)(C(O)=O)C(C1=CC(O)=C(O)C=C1(C#N)),19.97,[C][Branch1][C][N][Branch1][=Branch1][C][Branch1][C][O][=O][C][C][=C][C][Branch1][C][O][=C][Branch1][C][O][C][=C][Ring1][Branch2][C][#N],[C][Branch][:0amino][pop][Branch][:0carboxyl][pop][C][:2Catechol][Branch][:0cyano][pop]
mol40,C(C)(N(O))(C(O)=O)C(C1=CC(O)=C(O)C=C1),22.98,[C][Branch1][C][C][Branch1][Ring1][N][O][Branch1][=Branch1][C][Branch1][C][O][=O][C][C][=C][C][Branch1][C][O][=C][Branch1][C][O][C][=C][Ring1][Branch2],[C][Branch][:0methyl][pop][Branch][N][:0hydroxly][pop][Branch][:0carboxyl][pop][C][:2Catechol]
mol41,C(N)(C(O)=O)C(C1=CC(O)=C(O)C=C1([N+]([O-])=O)),24.33,[C][Branch1][C][N][Branch1][=Branch1][C][Branch1][C][O][=O][C][C][=C][C][Branch1][C][O][=C][Branch1][C][O][C][=C][Ring1][Branch2][N+1][Branch1][C][O-1][=O],[C][Branch][:0amino][pop][Branch][:0carboxyl][pop][C][:2Catechol][Branch][:0nitro][pop]
mol42,C(N)(C(O)=O)C(C1=CC(O)=C(O)C=C1(OC)),24.36,[C][Branch1][C][N][Branch1][=Branch1][C][Branch1][C][O][=O][C][C][=C][C][Branch1][C][O][=C][Branch1][C][O][C][=C][Ring1][Branch2][O][C],[C][Branch][:0amino][pop][Branch][:0carboxyl][pop][C][:2Catechol][Branch][:0methoxy][pop]
mol43,C(N)(C(O)=O)C(C1=CC(O)=C(O)C=C1(Cl)),18.29,[C][Branch1][C][N][Branch1][=Branch1][C][Branch1][C][O][=O][C][C][=C][C][Branch1][C][O][=C][Branch1][C][O][C][=C][Ring1][Branch2][Cl],[C][Branch][:0amino][pop][Branch][:0carboxyl][pop][C][:2Catechol][Branch][:0chloro ][pop]
mol44,C(N)(C(O)=O)C(C1=C(OC)C(O)=C(O)C=C1),22.04,[C][Branch1][C][N][Branch1][=Branch1][C][Branch1][C][O][=O][C][C][=C][Branch1][Ring1][O][C][C][Branch1][C][O][=C][Branch1][C][O][C][=C][Ring1][#Branch2],[C][Branch][:0amino][pop][Branch][:0carboxyl][pop][C][:2Catechol][Ring1][:0methoxy][pop]
mol45,C(N)(C(O)=O)C(C1=CC(O)=C(O)C(CO)=C1),26.3,[C][Branch1][C][N][Branch1][=Branch1][C][Branch1][C][O][=O][C][C][=C][C][Branch1][C][O][=C][Branch1][C][O][C][Branch1][Ring1][C][O][=C][Ring1][#Branch2],[C][Branch][:0amino][pop][Branch][:0carboxyl][pop][C][:2Catechol][Ring2][:0hydroxymethyl][pop]
mol46,C(N)(C(O)=O)C(C1=CC(O)=C(O)C(CCl)=C1),25.16,[C][Branch1][C][N][Branch1][=Branch1][C][Branch1][C][O][=O][C][C][=C][C][Branch1][C][O][=C][Branch1][C][O][C][Branch1][Ring1][C][Cl][=C][Ring1][#Branch2],[C][Branch][:0amino][pop][Branch][:0carboxyl][pop][C][:2Catechol][Ring2][:0chloromethyl][pop]
mol47,C(N)(C(O)=O)C(C1=CC(O)=C(O)C(OCF)=C1),16.31,[C][Branch1][C][N][Branch1][=Branch1][C][Branch1][C][O][=O][C][C][=C][C][Branch1][C][O][=C][Branch1][C][O][C][Branch1][Ring2][O][C][F][=C][Ring1][O],[C][Branch][:0amino][pop][Branch][:0carboxyl][pop][C][:2Catechol][Ring2][:0fluoromethoxy][pop]
mol48,C(N)(C(O)=O)C(C1=CC(O)=C(O)C(S)=C1),19.04,[C][Branch1][C][N][Branch1][=Branch1][C][Branch1][C][O][=O][C][C][=C][C][Branch1][C][O][=C][Branch1][C][O][C][Branch1][C][S][=C][Ring1][=Branch2],[C][Branch][:0amino][pop][Branch][:0carboxyl][pop][C][:2Catechol][Ring2][:0thiol][pop]
mol49,C(N)(C(O)=O)C(C1=CC(O)=C(O)C(CF)=C1),19.82,[C][Branch1][C][N][Branch1][=Branch1][C][Branch1][C][O][=O][C][C][=C][C][Branch1][C][O][=C][Branch1][C][O][C][Branch1][Ring1][C][F][=C][Ring1][#Branch2],[C][Branch][:0amino][pop][Branch][:0carboxyl][pop][C][:2Catechol][Ring2][:0fluoromethyl][pop]
mol50,C(N)(C(O)=O)C(C1=CC(O)=C(O)C(C(C#N))=C1),20.88,[C][Branch1][C][N][Branch1][=Branch1][C][Branch1][C][O][=O][C][C][=C][C][Branch1][C][O][=C][Branch1][C][O][C][Branch1][Ring2][C][C][#N][=C][Ring1][O],[C][Branch][:0amino][pop][Branch][:0carboxyl][pop][C][:2Catechol][Ring2][:0cyanomethyl][pop]
mol51,C(N)(C(O)=O)C(C1=CC(O)=C(O)C=C1(O(C#N))),19.81,[C][Branch1][C][N][Branch1][=Branch1][C][Branch1][C][O][=O][C][C][=C][C][Branch1][C][O][=C][Branch1][C][O][C][=C][Ring1][Branch2][O][C][#N],[C][Branch][:0amino][pop][Branch][:0carboxyl][pop][C][:2Catechol][Branch][:0cyanate][pop]
mol52,C(N)(C(O)=O)C(C1=CC(O)=C(O)C=C1(C(N))),18.05,[C][Branch1][C][N][Branch1][=Branch1][C][Branch1][C][O][=O][C][C][=C][C][Branch1][C][O][=C][Branch1][C][O][C][=C][Ring1][Branch2][C][N],[C][Branch][:0amino][pop][Branch][:0carboxyl][pop][C][:2Catechol][Branch][:0aminomethyl][pop]
mol53,C(N)(C(O)=O)C(C1=CC(O)=C(O)C(N)=C1),24.01,[C][Branch1][C][N][Branch1][=Branch1][C][Branch1][C][O][=O][C][C][=C][C][Branch1][C][O][=C][Branch1][C][O][C][Branch1][C][N][=C][Ring1][=Branch2],[C][Branch][:0amino][pop][Branch][:0carboxyl][pop][C][:2Catechol][Ring2][:0amino][pop]
mol54,C(N)(C(O)=O)C(C1=C(N)C(O)=C(O)C=C1),22.72,[C][Branch1][C][N][Branch1][=Branch1][C][Branch1][C][O][=O][C][C][=C][Branch1][C][N][C][Branch1][C][O][=C][Branch1][C][O][C][=C][Ring1][=Branch2],[C][Branch][:0amino][pop][Branch][:0carboxyl][pop][C][:2Catechol][Ring1][:0amino][pop]
mol55,C(N)(C(O)=O)C(C1=CC(O)=C(O)C=C(N)1),18.52,[C][Branch1][C][N][Branch1][=Branch1][C][Branch1][C][O][=O][C][C][=C][C][Branch1][C][O][=C][Branch1][C][O][C][=C][Branch1][C][N][Ring1][Branch2],[C][Branch][:0amino][pop][Branch][:0carboxyl][pop][C][:2Catechol][Branch][:0amino][pop]
mol56,C(N)(C(O)=O)C(C1=CC(O)=C(O)C=C1(SC)),20.86,[C][Branch1][C][N][Branch1][=Branch1][C][Branch1][C][O][=O][C][C][=C][C][Branch1][C][O][=C][Branch1][C][O][C][=C][Ring1][Branch2][S][C],[C][Branch][:0amino][pop][Branch][:0carboxyl][pop][C][:2Catechol][Branch][:0methylthio][pop]
mol57,C(N)(C(O)=O)C(C1=CC(O)=C(O)C=C1(CC)),18.51,[C][Branch1][C][N][Branch1][=Branch1][C][Branch1][C][O][=O][C][C][=C][C][Branch1][C][O][=C][Branch1][C][O][C][=C][Ring1][Branch2][C][C],[C][Branch][:0amino][pop][Branch][:0carboxyl][pop][C][:2Catechol][Branch][:0ethyl][pop]
mol58,C(C)(N)(C(O)=O)C(C1=CC(O)=C(O)C=C1(N)),25.2,[C][Branch1][C][C][Branch1][C][N][Branch1][=Branch1][C][Branch1][C][O][=O][C][C][=C][C][Branch1][C][O][=C][Branch1][C][O][C][=C][Ring1][Branch2][N],[C][Branch][:0methyl][pop][Branch][:0amino][pop][Branch][:0carboxyl][pop][C][:2Catechol][Branch][:0amino][pop]
mol59,C(C)(N)(C(O)=O)C(C1=CC(O)=C(O)C(S)=C1),24.77,[C][Branch1][C][C][Branch1][C][N][Branch1][=Branch1][C][Branch1][C][O][=O][C][C][=C][C][Branch1][C][O][=C][Branch1][C][O][C][Branch1][C][S][=C][Ring1][=Branch2],[C][Branch][:0methyl][pop][Branch][:0amino][pop][Branch][:0carboxyl][pop][C][:2Catechol][Ring2][:0thiol][pop]
mol60,C(C)(N)(C(O)=O)C(C1=CC(O)=C(O)C(O)=C1),23.35,[C][Branch1][C][C][Branch1][C][N][Branch1][=Branch1][C][Branch1][C][O][=O][C][C][=C][C][Branch1][C][O][=C][Branch1][C][O][C][Branch1][C][O][=C][Ring1][=Branch2],[C][Branch][:0methyl][pop][Branch][:0amino][pop][Branch][:0carboxyl][pop][C][:2Catechol][Ring2][:0hydroxly][pop]
mol61,C(N(CC))(C(O)=O)C(C1=CC(O)=C(O)C(C)=C1),25.68,[C][Branch1][Ring2][N][C][C][Branch1][=Branch1][C][Branch1][C][O][=O][C][C][=C][C][Branch1][C][O][=C][Branch1][C][O][C][Branch1][C][C][=C][Ring1][=Branch2],[C][Branch][N][:0ethyl][pop][Branch][:0carboxyl][pop][C][:2Catechol][Ring2][:0methyl][pop]
mol62,C(N(CC))(C(O)=O)C(C1=CC(O)=C(O)C(C#N)=C1),22.45,[C][Branch1][Ring2][N][C][C][Branch1][=Branch1][C][Branch1][C][O][=O][C][C][=C][C][Branch1][C][O][=C][Branch1][C][O][C][Branch1][Ring1][C][#N][=C][Ring1][#Branch2],[C][Branch][N][:0ethyl][pop][Branch][:0carboxyl][pop][C][:2Catechol][Ring2][:0cyano][pop]
mol63,C(N)(C(O)=O)C(C1=CC(O)=C(O)C(Br)=C1),25.23,[C][Branch1][C][N][Branch1][=Branch1][C][Branch1][C][O][=O][C][C][=C][C][Branch1][C][O][=C][Branch1][C][O][C][Branch1][C][Br][=C][Ring1][=Branch2],[C][Branch][:0amino][pop][Branch][:0carboxyl][pop][C][:2Catechol][Ring2][:0bromo][pop]
mol64,C(N)(C(O)=O)C(C1=C(Br)C(O)=C(O)C=C1),18.23,[C][Branch1][C][N][Branch1][=Branch1][C][Branch1][C][O][=O][C][C][=C][Branch1][C][Br][C][Branch1][C][O][=C][Branch1][C][O][C][=C][Ring1][=Branch2],[C][Branch][:0amino][pop][Branch][:0carboxyl][pop][C][:2Catechol][Ring1][:0bromo][pop]
mol65,C(C)(N)(C(O)=O)C(C1=CC(O)=C(O)C(Br)=C1),25.84,[C][Branch1][C][C][Branch1][C][N][Branch1][=Branch1][C][Branch1][C][O][=O][C][C][=C][C][Branch1][C][O][=C][Branch1][C][O][C][Branch1][C][Br][=C][Ring1][=Branch2],[C][Branch][:0methyl][pop][Branch][:0amino][pop][Branch][:0carboxyl][pop][C][:2Catechol][Ring2][:0bromo][pop]
mol66,C(N)(C(O)=O)C(O)(C1=CC(O)=C(O)C(C)=C1),25.41,[C][Branch1][C][N][Branch1][=Branch1][C][Branch1][C][O][=O][C][Branch1][C][O][C][=C][C][Branch1][C][O][=C][Branch1][C][O][C][Branch1][C][C][=C][Ring1][=Branch2],[C][Branch][:0amino][pop][Branch][:0carboxyl][pop][C][Branch][:0hydroxly][pop][:2Catechol][Ring2][:0methyl][pop]
mol67,C(N)(C(O)=O)C(O)(C1=CC(O)=C(O)C(O)=C1),24.4,[C][Branch1][C][N][Branch1][=Branch1][C][Branch1][C][O][=O][C][Branch1][C][O][C][=C][C][Branch1][C][O][=C][Branch1][C][O][C][Branch1][C][O][=C][Ring1][=Branch2],[C][Branch][:0amino][pop][Branch][:0carboxyl][pop][C][Branch][:0hydroxly][pop][:2Catechol][Ring2][:0hydroxly][pop]
mol68,C(N)(C(O)=O)C(O)(C1=CC(O)=C(O)C(F)=C1),17.49,[C][Branch1][C][N][Branch1][=Branch1][C][Branch1][C][O][=O][C][Branch1][C][O][C][=C][C][Branch1][C][O][=C][Branch1][C][O][C][Branch1][C][F][=C][Ring1][=Branch2],[C][Branch][:0amino][pop][Branch][:0carboxyl][pop][C][Branch][:0hydroxly][pop][:2Catechol][Ring2][:0fluoro][pop]
mol69,C(N)(C(O)=O)C(O)(C1=CC(O)=C(O)C(Br)=C1),20.42,[C][Branch1][C][N][Branch1][=Branch1][C][Branch1][C][O][=O][C][Branch1][C][O][C][=C][C][Branch1][C][O][=C][Branch1][C][O][C][Branch1][C][Br][=C][Ring1][=Branch2],[C][Branch][:0amino][pop][Branch][:0carboxyl][pop][C][Branch][:0hydroxly][pop][:2Catechol][Ring2][:0bromo][pop]
mol70,C(N)(C(O)=O)C(O)(C1=CC(O)=C(O)C(C#N)=C1),18.17,[C][Branch1][C][N][Branch1][=Branch1][C][Branch1][C][O][=O][C][Branch1][C][O][C][=C][C][Branch1][C][O][=C][Branch1][C][O][C][Branch1][Ring1][C][#N][=C][Ring1][#Branch2],[C][Branch][:0amino][pop][Branch][:0carboxyl][pop][C][Branch][:0hydroxly][pop][:2Catechol][Ring2][:0cyano][pop]
mol71,C(N)(C(O)=O)C(O)(C1=CC(O)=C(O)C(CN)=C1),20.92,[C][Branch1][C][N][Branch1][=Branch1][C][Branch1][C][O][=O][C][Branch1][C][O][C][=C][C][Branch1][C][O][=C][Branch1][C][O][C][Branch1][Ring1][C][N][=C][Ring1][#Branch2],[C][Branch][:0amino][pop][Branch][:0carboxyl][pop][C][Branch][:0hydroxly][pop][:2Catechol][Ring2][:0aminomethyl][pop]
mol72,C(N)(C(O)=O)C(O)(C1=CC(O)=C(O)C(S)=C1),26.12,[C][Branch1][C][N][Branch1][=Branch1][C][Branch1][C][O][=O][C][Branch1][C][O][C][=C][C][Branch1][C][O][=C][Branch1][C][O][C][Branch1][C][S][=C][Ring1][=Branch2],[C][Branch][:0amino][pop][Branch][:0carboxyl][pop][C][Branch][:0hydroxly][pop][:2Catechol][Ring2][:0thiol][pop]
mol73,C(N)(C(O)=O)C(O)(C1=CC(O)=C(O)C(Cl)=C1),25.6,[C][Branch1][C][N][Branch1][=Branch1][C][Branch1][C][O][=O][C][Branch1][C][O][C][=C][C][Branch1][C][O][=C][Branch1][C][O][C][Branch1][C][Cl][=C][Ring1][=Branch2],[C][Branch][:0amino][pop][Branch][:0carboxyl][pop][C][Branch][:0hydroxly][pop][:2Catechol][Ring2][:0chloro ][pop]
mol74,C(N)(C(O)=O)C(O)(C1=CC(O)=C(O)C(C(C#N))=C1),19.89,[C][Branch1][C][N][Branch1][=Branch1][C][Branch1][C][O][=O][C][Branch1][C][O][C][=C][C][Branch1][C][O][=C][Branch1][C][O][C][Branch1][Ring2][C][C][#N][=C][Ring1][O],[C][Branch][:0amino][pop][Branch][:0carboxyl][pop][C][Branch][:0hydroxly][pop][:2Catechol][Ring2][:0cyanomethyl][pop]
mol75,C(N)(C(O)=O)C(O)(C1=CC(O)=C(O)C(N)=C1),25.11,[C][Branch1][C][N][Branch1][=Branch1][C][Branch1][C][O][=O][C][Branch1][C][O][C][=C][C][Branch1][C][O][=C][Branch1][C][O][C][Branch1][C][N][=C][Ring1][=Branch2],[C][Branch][:0amino][pop][Branch][:0carboxyl][pop][C][Branch][:0hydroxly][pop][:2Catechol][Ring2][:0amino][pop]
mol76,C(N)(C(O)=O)C(C1=CC(O)=C(O)C(O(C#N))=C1),19.65,[C][Branch1][C][N][Branch1][=Branch1][C][Branch1][C][O][=O][C][C][=C][C][Branch1][C][O][=C][Branch1][C][O][C][Branch1][Ring2][O][C][#N][=C][Ring1][O],[C][Branch][:0amino][pop][Branch][:0carboxyl][pop][C][:2Catechol][Ring2][:0cyanate][pop]
mol77,C(N)(C(O)=O)C(C1=CC(O)=C(O)C(O(C))=C1),25.18,[C][Branch1][C][N][Branch1][=Branch1][C][Branch1][C][O][=O][C][C][=C][C][Branch1][C][O][=C][Branch1][C][O][C][Branch1][Ring1][O][C][=C][Ring1][#Branch2],[C][Branch][:0amino][pop][Branch][:0carboxyl][pop][C][:2Catechol][Ring2][:0methoxy][pop]
mol78,C(N)(C(O)=O)C(C1=CC(O)=C(O)C(CN)=C1),21.24,[C][Branch1][C][N][Branch1][=Branch1][C][Branch1][C][O][=O][C][C][=C][C][Branch1][C][O][=C][Branch1][C][O][C][Branch1][Ring1][C][N][=C][Ring1][#Branch2],[C][Branch][:0amino][pop][Branch][:0carboxyl][pop][C][:2Catechol][Ring2][:0aminomethyl][pop]
mol79,C(N)(C(O)=O)C(C1=CC(O)=C(O)C(SC)=C1),19.02,[C][Branch1][C][N][Branch1][=Branch1][C][Branch1][C][O][=O][C][C][=C][C][Branch1][C][O][=C][Branch1][C][O][C][Branch1][Ring1][S][C][=C][Ring1][#Branch2],[C][Branch][:0amino][pop][Branch][:0carboxyl][pop][C][:2Catechol][Ring2][:0methylthio][pop]
mol80,C(N)(C(O)=O)C(C1=CC(O)=C(O)C(CC)=C1),24.56,[C][Branch1][C][N][Branch1][=Branch1][C][Branch1][C][O][=O][C][C][=C][C][Branch1][C][O][=C][Branch1][C][O][C][Branch1][Ring1][C][C][=C][Ring1][#Branch2],[C][Branch][:0amino][pop][Branch][:0carboxyl][pop][C][:2Catechol][Ring2][:0ethyl][pop]
mol81,C(N)(C(O)=O)C(C1=CC(O)=C(O)C=C1(C=O)),21.15,[C][Branch1][C][N][Branch1][=Branch1][C][Branch1][C][O][=O][C][C][=C][C][Branch1][C][O][=C][Branch1][C][O][C][=C][Ring1][Branch2][C][=O],[C][Branch][:0amino][pop][Branch][:0carboxyl][pop][C][:2Catechol][Branch][:0aldehyde][pop]
mol82,C(N)(C(O)=O)C(C1=CC(O)=C(O)C=C1(C(=O)C)),20.2,[C][Branch1][C][N][Branch1][=Branch1][C][Branch1][C][O][=O][C][C][=C][C][Branch1][C][O][=C][Branch1][C][O][C][=C][Ring1][Branch2][C][=Branch1][C][=O][C],[C][Branch][:0amino][pop][Branch][:0carboxyl][pop][C][:2Catechol][Branch][:0acetyl ][pop]
mol83,C(N)(C(O)=O)C(C1=CC(O)=C(O)C=C1(C(F)(F)(F))),17.21,[C][Branch1][C][N][Branch1][=Branch1][C][Branch1][C][O][=O][C][C][=C][C][Branch1][C][O][=C][Branch1][C][O][C][=C][Ring1][Branch2][C][Branch1][C][F][Branch1][C][F][F],[C][Branch][:0amino][pop][Branch][:0carboxyl][pop][C][:2Catechol][Branch][:0trifluoromethyl][pop]
mol84,C(N)(C(O)=O)C(C1=CC(O)=C(O)C=C1(C(C)(C)(C))),15.58,[C][Branch1][C][N][Branch1][=Branch1][C][Branch1][C][O][=O][C][C][=C][C][Branch1][C][O][=C][Branch1][C][O][C][=C][Ring1][Branch2][C][Branch1][C][C][Branch1][C][C][C],[C][Branch][:0amino][pop][Branch][:0carboxyl][pop][C][:2Catechol][Branch][:0tertButyl][pop]
mol85,C(N)(C(O)=O)C(C1=CC(O)=C(O)C=C1(O)),22.72,[C][Branch1][C][N][Branch1][=Branch1][C][Branch1][C][O][=O][C][C][=C][C][Branch1][C][O][=C][Branch1][C][O][C][=C][Ring1][Branch2][O],[C][Branch][:0amino][pop][Branch][:0carboxyl][pop][C][:2Catechol][Branch][:0hydroxly][pop]
mol86,C(N)(C(O)=O)C(C1=CC(O)=C(O)C=C1(CO)),19.01,[C][Branch1][C][N][Branch1][=Branch1][C][Branch1][C][O][=O][C][C][=C][C][Branch1][C][O][=C][Branch1][C][O][C][=C][Ring1][Branch2][C][O],[C][Branch][:0amino][pop][Branch][:0carboxyl][pop][C][:2Catechol][Branch][:0hydroxymethyl][pop]
mol87,C(N)(C(O)=O)C(C1=CC(O)=C(O)C=C1(CCl)),17.23,[C][Branch1][C][N][Branch1][=Branch1][C][Branch1][C][O][=O][C][C][=C][C][Branch1][C][O][=C][Branch1][C][O][C][=C][Ring1][Branch2][C][Cl],[C][Branch][:0amino][pop][Branch][:0carboxyl][pop][C][:2Catechol][Branch][:0chloromethyl][pop]
mol88,C(N)(C(O)=O)C(C1=CC(O)=C(O)C=C1(OCF)),19.51,[C][Branch1][C][N][Branch1][=Branch1][C][Branch1][C][O][=O][C][C][=C][C][Branch1][C][O][=C][Branch1][C][O][C][=C][Ring1][Branch2][O][C][F],[C][Branch][:0amino][pop][Branch][:0carboxyl][pop][C][:2Catechol][Branch][:0fluoromethoxy][pop]
mol89,C(N)(C(O)=O)C(C1=CC(O)=C(O)C=C1(S)),17.44,[C][Branch1][C][N][Branch1][=Branch1][C][Branch1][C][O][=O][C][C][=C][C][Branch1][C][O][=C][Branch1][C][O][C][=C][Ring1][Branch2][S],[C][Branch][:0amino][pop][Branch][:0carboxyl][pop][C][:2Catechol][Branch][:0thiol][pop]
mol90,C(N)(C(O)=O)C(C1=CC(O)=C(O)C=C1(CF)),18.66,[C][Branch1][C][N][Branch1][=Branch1][C][Branch1][C][O][=O][C][C][=C][C][Branch1][C][O][=C][Branch1][C][O][C][=C][Ring1][Branch2][C][F],[C][Branch][:0amino][pop][Branch][:0carboxyl][pop][C][:2Catechol][Branch][:0fluoromethyl][pop]
mol91,C(N)(C(O)=O)C(C1=CC(O)=C(O)C=C1(C(C#N))),25.32,[C][Branch1][C][N][Branch1][=Branch1][C][Branch1][C][O][=O][C][C][=C][C][Branch1][C][O][=C][Branch1][C][O][C][=C][Ring1][Branch2][C][C][#N],[C][Branch][:0amino][pop][Branch][:0carboxyl][pop][C][:2Catechol][Branch][:0cyanomethyl][pop]
mol92,C(N)(C(O)=O)C(C1=CC(O)=C(O)C=C1(Br)),24.1,[C][Branch1][C][N][Branch1][=Branch1][C][Branch1][C][O][=O][C][C][=C][C][Branch1][C][O][=C][Branch1][C][O][C][=C][Ring1][Branch2][Br],[C][Branch][:0amino][pop][Branch][:0carboxyl][pop][C][:2Catechol][Branch][:0bromo][pop]
mol93,C(N)(C(O)=O)C(C1=C(F)C(O)=C(O)C=C1),17.02,[C][Branch1][C][N][Branch1][=Branch1][C][Branch1][C][O][=O][C][C][=C][Branch1][C][F][C][Branch1][C][O][=C][Branch1][C][O][C][=C][Ring1][=Branch2],[C][Branch][:0amino][pop][Branch][:0carboxyl][pop][C][:2Catechol][Ring1][:0fluoro][pop]
mol94,C(N)(C(O)=O)C(C1=C(C#N)C(O)=C(O)C=C1),18.03,[C][Branch1][C][N][Branch1][=Branch1][C][Branch1][C][O][=O][C][C][=C][Branch1][Ring1][C][#N][C][Branch1][C][O][=C][Branch1][C][O][C][=C][Ring1][#Branch2],[C][Branch][:0amino][pop][Branch][:0carboxyl][pop][C][:2Catechol][Ring1][:0cyano][pop]
mol95,C(N)(C(O)=O)C(C1=C([N+]([O-])=O)C(O)=C(O)C=C1),23.26,[C][Branch1][C][N][Branch1][=Branch1][C][Branch1][C][O][=O][C][C][=C][Branch1][=Branch1][N+1][Branch1][C][O-1][=O][C][Branch1][C][O][=C][Branch1][C][O][C][=C][Ring1][O],[C][Branch][:0amino][pop][Branch][:0carboxyl][pop][C][:2Catechol][Ring1][:0nitro][pop]
mol96,C(N)(C(O)=O)C(C1=C(O(C#N))C(O)=C(O)C=C1),18.65,[C][Branch1][C][N][Branch1][=Branch1][C][Branch1][C][O][=O][C][C][=C][Branch1][Ring2][O][C][#N][C][Branch1][C][O][=C][Branch1][C][O][C][=C][Ring1][O],[C][Branch][:0amino][pop][Branch][:0carboxyl][pop][C][:2Catechol][Ring1][:0cyanate][pop]
mol97,C(N)(C(O)=O)C(C1=C(CN)C(O)=C(O)C=C1),23.64,[C][Branch1][C][N][Branch1][=Branch1][C][Branch1][C][O][=O][C][C][=C][Branch1][Ring1][C][N][C][Branch1][C][O][=C][Branch1][C][O][C][=C][Ring1][#Branch2],[C][Branch][:0amino][pop][Branch][:0carboxyl][pop][C][:2Catechol][Ring1][:0aminomethyl][pop]
mol98,C(N)(C(O)=O)C(C1=C(SC)C(O)=C(O)C=C1),24.13,[C][Branch1][C][N][Branch1][=Branch1][C][Branch1][C][O][=O][C][C][=C][Branch1][Ring1][S][C][C][Branch1][C][O][=C][Branch1][C][O][C][=C][Ring1][#Branch2],[C][Branch][:0amino][pop][Branch][:0carboxyl][pop][C][:2Catechol][Ring1][:0methylthio][pop]
mol99,C(N)(C(O)=O)C(C1=C(CC)C(O)=C(O)C=C1),25.23,[C][Branch1][C][N][Branch1][=Branch1][C][Branch1][C][O][=O][C][C][=C][Branch1][Ring1][C][C][C][Branch1][C][O][=C][Branch1][C][O][C][=C][Ring1][#Branch2],[C][Branch][:0amino][pop][Branch][:0carboxyl][pop][C][:2Catechol][Ring1][:0ethyl][pop]
mol100,C(N)(C(O)=O)C(C1=C(C=O)C(O)=C(O)C=C1),24.28,[C][Branch1][C][N][Branch1][=Branch1][C][Branch1][C][O][=O][C][C][=C][Branch1][Ring1][C][=O][C][Branch1][C][O][=C][Branch1][C][O][C][=C][Ring1][#Branch2],[C][Branch][:0amino][pop][Branch][:0carboxyl][pop][C][:2Catechol][Ring1][:0aldehyde][pop]
mol101,C(N)(C(O)=O)C(C1=CC(O)=C(O)C(OCF)=C1),17.93,[C][Branch1][C][N][Branch1][=Branch1][C][Branch1][C][O][=O][C][C][=C][C][Branch1][C][O][=C][Branch1][C][O][C][Branch1][Ring2][O][C][F][=C][Ring1][O],[C][Branch][:0amino][pop][Branch][:0carboxyl][pop][C][:2Catechol][Ring2][:0fluoromethoxy][pop]
mol102,C(N)(C(O)=O)C(O)(C1=CC(O)=C(O)C(OC)=C1),25.63,[C][Branch1][C][N][Branch1][=Branch1][C][Branch1][C][O][=O][C][Branch1][C][O][C][=C][C][Branch1][C][O][=C][Branch1][C][O][C][Branch1][Ring1][O][C][=C][Ring1][#Branch2],[C][Branch][:0amino][pop][Branch][:0carboxyl][pop][C][Branch][:0hydroxly][pop][:2Catechol][Ring2][:0methoxy][pop]
mol103,C(N)(C(O)=O)C(O)(C1=CC(O)=C(O)C(OCF)=C1),21.25,[C][Branch1][C][N][Branch1][=Branch1][C][Branch1][C][O][=O][C][Branch1][C][O][C][=C][C][Branch1][C][O][=C][Branch1][C][O][C][Branch1][Ring2][O][C][F][=C][Ring1][O],[C][Branch][:0amino][pop][Branch][:0carboxyl][pop][C][Branch][:0hydroxly][pop][:2Catechol][Ring2][:0fluoromethoxy][pop]
mol104,C(N)(C(O)=O)C(O)(C1=CC(O)=C(O)C([N+]([O-])=O)=C1),27.62,[C][Branch1][C][N][Branch1][=Branch1][C][Branch1][C][O][=O][C][Branch1][C][O][C][=C][C][Branch1][C][O][=C][Branch1][C][O][C][Branch1][=Branch1][N+1][Branch1][C][O-1][=O][=C][Ring1][O],[C][Branch][:0amino][pop][Branch][:0carboxyl][pop][C][Branch][:0hydroxly][pop][:2Catechol][Ring2][:0nitro][pop]
mol105,C(N)(C(O)=O)C(O)(C1=CC(O)=C(O)C(O(C#N))=C1),18.29,[C][Branch1][C][N][Branch1][=Branch1][C][Branch1][C][O][=O][C][Branch1][C][O][C][=C][C][Branch1][C][O][=C][Branch1][C][O][C][Branch1][Ring2][O][C][#N][=C][Ring1][O],[C][Branch][:0amino][pop][Branch][:0carboxyl][pop][C][Branch][:0hydroxly][pop][:2Catechol][Ring2][:0cyanate][pop]
mol106,C(N)(C(O)=O)C(O)(C1=CC(O)=C(O)C(C=O)=C1),20.61,[C][Branch1][C][N][Branch1][=Branch1][C][Branch1][C][O][=O][C][Branch1][C][O][C][=C][C][Branch1][C][O][=C][Branch1][C][O][C][Branch1][Ring1][C][=O][=C][Ring1][#Branch2],[C][Branch][:0amino][pop][Branch][:0carboxyl][pop][C][Branch][:0hydroxly][pop][:2Catechol][Ring2][:0aldehyde][pop]
mol107,C(N)(C(O)=O)C(O)(C1=CC(O)=C(O)C(C(=O)C)=C1),24.12,[C][Branch1][C][N][Branch1][=Branch1][C][Branch1][C][O][=O][C][Branch1][C][O][C][=C][C][Branch1][C][O][=C][Branch1][C][O][C][Branch1][=Branch1][C][=Branch1][C][=O][C][=C][Ring1][O],[C][Branch][:0amino][pop][Branch][:0carboxyl][pop][C][Branch][:0hydroxly][pop][:2Catechol][Ring2][:0acetyl ][pop]
mol108,C(N)(C(O)=O)C(O)(C1=CC(O)=C(O)C(C(F)(F)(F))=C1),17.8,[C][Branch1][C][N][Branch1][=Branch1][C][Branch1][C][O][=O][C][Branch1][C][O][C][=C][C][Branch1][C][O][=C][Branch1][C][O][C][Branch1][=Branch2][C][Branch1][C][F][Branch1][C][F][F][=C][Ring1][N],[C][Branch][:0amino][pop][Branch][:0carboxyl][pop][C][Branch][:0hydroxly][pop][:2Catechol][Ring2][:0trifluoromethyl][pop]
mol109,C(N)(C(O)=O)C(O)(C1=CC(O)=C(O)C(CO)=C1),25.72,[C][Branch1][C][N][Branch1][=Branch1][C][Branch1][C][O][=O][C][Branch1][C][O][C][=C][C][Branch1][C][O][=C][Branch1][C][O][C][Branch1][Ring1][C][O][=C][Ring1][#Branch2],[C][Branch][:0amino][pop][Branch][:0carboxyl][pop][C][Branch][:0hydroxly][pop][:2Catechol][Ring2][:0hydroxymethyl][pop]
mol110,C(N)(C(O)=O)C(O)(C1=CC(O)=C(O)C(CCl)=C1),18.71,[C][Branch1][C][N][Branch1][=Branch1][C][Branch1][C][O][=O][C][Branch1][C][O][C][=C][C][Branch1][C][O][=C][Branch1][C][O][C][Branch1][Ring1][C][Cl][=C][Ring1][#Branch2],[C][Branch][:0amino][pop][Branch][:0carboxyl][pop][C][Branch][:0hydroxly][pop][:2Catechol][Ring2][:0chloromethyl][pop]
mol111,C(N)(C(O)=O)C(O)(C1=CC(O)=C(O)C(SC)=C1),19.99,[C][Branch1][C][N][Branch1][=Branch1][C][Branch1][C][O][=O][C][Branch1][C][O][C][=C][C][Branch1][C][O][=C][Branch1][C][O][C][Branch1][Ring1][S][C][=C][Ring1][#Branch2],[C][Branch][:0amino][pop][Branch][:0carboxyl][pop][C][Branch][:0hydroxly][pop][:2Catechol][Ring2][:0methylthio][pop]
mol112,C(N)(C(O)=O)C(O)(C1=CC(O)=C(O)C(CF)=C1),17.32,[C][Branch1][C][N][Branch1][=Branch1][C][Branch1][C][O][=O][C][Branch1][C][O][C][=C][C][Branch1][C][O][=C][Branch1][C][O][C][Branch1][Ring1][C][F][=C][Ring1][#Branch2],[C][Branch][:0amino][pop][Branch][:0carboxyl][pop][C][Branch][:0hydroxly][pop][:2Catechol][Ring2][:0fluoromethyl][pop]
mol113,C(N)(C(O)=O)C(O)(C1=CC(O)=C(O)C(C(C)(C)(C))=C1),17.84,[C][Branch1][C][N][Branch1][=Branch1][C][Branch1][C][O][=O][C][Branch1][C][O][C][=C][C][Branch1][C][O][=C][Branch1][C][O][C][Branch1][=Branch2][C][Branch1][C][C][Branch1][C][C][C][=C][Ring1][N],[C][Branch][:0amino][pop][Branch][:0carboxyl][pop][C][Branch][:0hydroxly][pop][:2Catechol][Ring2][:0tertButyl][pop]
mol114,C(N)(C(O)=O)C(O)(C1=CC(O)=C(O)C(CC)=C1),24.74,[C][Branch1][C][N][Branch1][=Branch1][C][Branch1][C][O][=O][C][Branch1][C][O][C][=C][C][Branch1][C][O][=C][Branch1][C][O][C][Branch1][Ring1][C][C][=C][Ring1][#Branch2],[C][Branch][:0amino][pop][Branch][:0carboxyl][pop][C][Branch][:0hydroxly][pop][:2Catechol][Ring2][:0ethyl][pop]
mol115,C(N)(C(O)=O)C(C1=C(C(=O)OC)C(O)=C(O)C=C1),19.21,[C][Branch1][C][N][Branch1][=Branch1][C][Branch1][C][O][=O][C][C][=C][Branch1][#Branch1][C][=Branch1][C][=O][O][C][C][Branch1][C][O][=C][Branch1][C][O][C][=C][Ring1][N],[C][Branch][:0amino][pop][Branch][:0carboxyl][pop][C][:2Catechol][Ring1][:0ester][Ring1][:0methyl][pop][pop]
mol116,C(N)(C(O)=O)C(C1=C(C=C)C(O)=C(O)C=C1),16.49,[C][Branch1][C][N][Branch1][=Branch1][C][Branch1][C][O][=O][C][C][=C][Branch1][Ring1][C][=C][C][Branch1][C][O][=C][Branch1][C][O][C][=C][Ring1][#Branch2],[C][Branch][:0amino][pop][Branch][:0carboxyl][pop][C][:2Catechol][Ring1][:0ethenyl][pop]
mol117,C(N)(C(O)=O)C(C1=C(C#C)C(O)=C(O)C=C1),16.87,[C][Branch1][C][N][Branch1][=Branch1][C][Branch1][C][O][=O][C][C][=C][Branch1][Ring1][C][#C][C][Branch1][C][O][=C][Branch1][C][O][C][=C][Ring1][#Branch2],[C][Branch][:0amino][pop][Branch][:0carboxyl][pop][C][:2Catechol][Ring1][:0ethynyl][pop]
mol118,C(N)(C(O)=O)C(C1=C(C=CC)C(O)=C(O)C=C1),18.54,[C][Branch1][C][N][Branch1][=Branch1][C][Branch1][C][O][=O][C][C][=C][Branch1][Ring2][C][=C][C][C][Branch1][C][O][=C][Branch1][C][O][C][=C][Ring1][O],[C][Branch][:0amino][pop][Branch][:0carboxyl][pop][C][:2Catechol][Ring1][:0alkene][Ring1][:0methyl][pop][pop]
mol119,C(N)(C(O)=O)C(C1=C(C#CC)C(O)=C(O)C=C1),19.72,[C][Branch1][C][N][Branch1][=Branch1][C][Branch1][C][O][=O][C][C][=C][Branch1][Ring2][C][#C][C][C][Branch1][C][O][=C][Branch1][C][O][C][=C][Ring1][O],[C][Branch][:0amino][pop][Branch][:0carboxyl][pop][C][:2Catechol][Ring1][:0alkyne][Ring1][:0methyl][pop][pop]
mol120,C(N)(C(O)=O)C(C1=C(COC)C(O)=C(O)C=C1),18.03,[C][Branch1][C][N][Branch1][=Branch1][C][Branch1][C][O][=O][C][C][=C][Branch1][Ring2][C][O][C][C][Branch1][C][O][=C][Branch1][C][O][C][=C][Ring1][O],[C][Branch][:0amino][pop][Branch][:0carboxyl][pop][C][:2Catechol][Ring1][:0methoxymethyl][pop]
mol121,C(N)(C(O)=O)C(C1=C(C(=O)Cl)C(O)=C(O)C=C1),16.5,[C][Branch1][C][N][Branch1][=Branch1][C][Branch1][C][O][=O][C][C][=C][Branch1][=Branch1][C][=Branch1][C][=O][Cl][C][Branch1][C][O][=C][Branch1][C][O][C][=C][Ring1][O],[C][Branch][:0amino][pop][Branch][:0carboxyl][pop][C][:2Catechol][Ring1][:0acylChloride][pop]
mol122,C(N)(C(O)=O)C(C1=C(C(=O)N)C(O)=C(O)C=C1),21.31,[C][Branch1][C][N][Branch1][=Branch1][C][Branch1][C][O][=O][C][C][=C][Branch1][=Branch1][C][=Branch1][C][=O][N][C][Branch1][C][O][=C][Branch1][C][O][C][=C][Ring1][O],[C][Branch][:0amino][pop][Branch][:0carboxyl][pop][C][:2Catechol][Ring1][:0carbamoyl][pop]
mol123,C(N)(C(O)=O)C(C1=C(C(O)=O)C(O)=C(O)C=C1),17.75,[C][Branch1][C][N][Branch1][=Branch1][C][Branch1][C][O][=O][C][C][=C][Branch1][=Branch1][C][Branch1][C][O][=O][C][Branch1][C][O][=C][Branch1][C][O][C][=C][Ring1][O],[C][Branch][:0amino][pop][Branch][:0carboxyl][pop][C][:2Catechol][Ring1][:0carboxyl][pop]
mol124,C(N)(C(O)=O)C(C1=C(C(C2=CC=CC=C2))C(O)=C(O)C=C1),18.09,[C][Branch1][C][N][Branch1][=Branch1][C][Branch1][C][O][=O][C][C][=C][Branch1][#Branch2][C][C][=C][C][=C][C][=C][Ring1][=Branch1][C][Branch1][C][O][=C][Branch1][C][O][C][=C][Ring1][#C],[C][Branch][:0amino][pop][Branch][:0carboxyl][pop][C][:2Catechol][Ring1][:0benzyl][pop]
mol125,C(N)(C(O)=O)C(C1=C(CC(=O)(C2=CC=CC=C2))C(O)=C(O)C=C1),18.24,[C][Branch1][C][N][Branch1][=Branch1][C][Branch1][C][O][=O][C][C][=C][Branch1][=C][C][C][=Branch1][C][=O][C][=C][C][=C][C][=C][Ring1][=Branch1][C][Branch1][C][O][=C][Branch1][C][O][C][=C][Ring1][P],[C][Branch][:0amino][pop][Branch][:0carboxyl][pop][C][:2Catechol][Ring1][:0benzoylmethyl][pop]
mol126,C(N)(C(O)=O)C(C1=C(CO(C2=CC=CC=C2))C(O)=C(O)C=C1),21.68,[C][Branch1][C][N][Branch1][=Branch1][C][Branch1][C][O][=O][C][C][=C][Branch1][O][C][O][C][=C][C][=C][C][=C][Ring1][=Branch1][C][Branch1][C][O][=C][Branch1][C][O][C][=C][Ring1][S],[C][Branch][:0amino][pop][Branch][:0carboxyl][pop][C][:2Catechol][Ring1][:0phenoxymethyl][pop]
mol127,C(N)(C(O)=O)C(C1=CC(O)=C(O)C(C(=O)OC)=C1),20.17,[C][Branch1][C][N][Branch1][=Branch1][C][Branch1][C][O][=O][C][C][=C][C][Branch1][C][O][=C][Branch1][C][O][C][Branch1][#Branch1][C][=Branch1][C][=O][O][C][=C][Ring1][N],[C][Branch][:0amino][pop][Branch][:0carboxyl][pop][C][:2Catechol][Ring2][:0ester][Ring1][:0methyl][pop][pop]
mol128,C(N)(C(O)=O)C(C1=CC(O)=C(O)C(C=C)=C1),18.26,[C][Branch1][C][N][Branch1][=Branch1][C][Branch1][C][O][=O][C][C][=C][C][Branch1][C][O][=C][Branch1][C][O][C][Branch1][Ring1][C][=C][=C][Ring1][#Branch2],[C][Branch][:0amino][pop][Branch][:0carboxyl][pop][C][:2Catechol][Ring2][:0ethenyl][pop]
mol129,C(N)(C(O)=O)C(C1=CC(O)=C(O)C(C#C)=C1),17.14,[C][Branch1][C][N][Branch1][=Branch1][C][Branch1][C][O][=O][C][C][=C][C][Branch1][C][O][=C][Branch1][C][O][C][Branch1][Ring1][C][#C][=C][Ring1][#Branch2],[C][Branch][:0amino][pop][Branch][:0carboxyl][pop][C][:2Catechol][Ring2][:0ethynyl][pop]
mol130,C(N)(C(O)=O)C(C1=CC(O)=C(O)C(C=CC)=C1),20.17,[C][Branch1][C][N][Branch1][=Branch1][C][Branch1][C][O][=O][C][C][=C][C][Branch1][C][O][=C][Branch1][C][O][C][Branch1][Ring2][C][=C][C][=C][Ring1][O],[C][Branch][:0amino][pop][Branch][:0carboxyl][pop][C][:2Catechol][Ring2][:0alkene][Ring1][:0methyl][pop][pop]
mol131,C(N)(C(O)=O)C(C1=CC(O)=C(O)C(C#CC)=C1),19.15,[C][Branch1][C][N][Branch1][=Branch1][C][Branch1][C][O][=O][C][C][=C][C][Branch1][C][O][=C][Branch1][C][O][C][Branch1][Ring2][C][#C][C][=C][Ring1][O],[C][Branch][:0amino][pop][Branch][:0carboxyl][pop][C][:2Catechol][Ring2][:0alkyne][Ring1][:0methyl][pop][pop]
mol132,C(N)(C(O)=O)C(C1=CC(O)=C(O)C(COC)=C1),20.45,[C][Branch1][C][N][Branch1][=Branch1][C][Branch1][C][O][=O][C][C][=C][C][Branch1][C][O][=C][Branch1][C][O][C][Branch1][Ring2][C][O][C][=C][Ring1][O],[C][Branch][:0amino][pop][Branch][:0carboxyl][pop][C][:2Catechol][Ring2][:0methoxymethyl][pop]
mol133,C(N)(C(O)=O)C(C1=CC(O)=C(O)C(C(=O)Cl)=C1),18.65,[C][Branch1][C][N][Branch1][=Branch1][C][Branch1][C][O][=O][C][C][=C][C][Branch1][C][O][=C][Branch1][C][O][C][Branch1][=Branch1][C][=Branch1][C][=O][Cl][=C][Ring1][O],[C][Branch][:0amino][pop][Branch][:0carboxyl][pop][C][:2Catechol][Ring2][:0acylChloride][pop]
mol134,C(N)(C(O)=O)C(C1=CC(O)=C(O)C(C(=O)N)=C1),18.89,[C][Branch1][C][N][Branch1][=Branch1][C][Branch1][C][O][=O][C][C][=C][C][Branch1][C][O][=C][Branch1][C][O][C][Branch1][=Branch1][C][=Branch1][C][=O][N][=C][Ring1][O],[C][Branch][:0amino][pop][Branch][:0carboxyl][pop][C][:2Catechol][Ring2][:0carbamoyl][pop]
mol135,C(N)(C(O)=O)C(C1=CC(O)=C(O)C(C(=O)O)=C1),18.45,[C][Branch1][C][N][Branch1][=Branch1][C][Branch1][C][O][=O][C][C][=C][C][Branch1][C][O][=C][Branch1][C][O][C][Branch1][=Branch1][C][=Branch1][C][=O][O][=C][Ring1][O],[C][Branch][:0amino][pop][Branch][:0carboxyl][pop][C][:2Catechol][Ring2][:0carboxyl][pop]
mol136,C(N)(C(O)=O)C(C1=CC(O)=C(O)C(C(C2=CC=CC=C2))=C1),18.44,[C][Branch1][C][N][Branch1][=Branch1][C][Branch1][C][O][=O][C][C][=C][C][Branch1][C][O][=C][Branch1][C][O][C][Branch1][#Branch2][C][C][=C][C][=C][C][=C][Ring1][=Branch1][=C][Ring1][#C],[C][Branch][:0amino][pop][Branch][:0carboxyl][pop][C][:2Catechol][Ring2][:0benzyl][pop]
mol137,C(N)(C(O)=O)C(C1=CC(O)=C(O)C(CC(=O)(C2=CC=CC=C2))=C1),23.36,[C][Branch1][C][N][Branch1][=Branch1][C][Branch1][C][O][=O][C][C][=C][C][Branch1][C][O][=C][Branch1][C][O][C][Branch1][=C][C][C][=Branch1][C][=O][C][=C][C][=C][C][=C][Ring1][=Branch1][=C][Ring1][P],[C][Branch][:0amino][pop][Branch][:0carboxyl][pop][C][:2Catechol][Ring2][:0benzoylmethyl][pop]
mol138,C(N)(C(O)=O)C(C1=CC(O)=C(O)C(CO(C2=CC=CC=C2))=C1),17.29,[C][Branch1][C][N][Branch1][=Branch1][C][Branch1][C][O][=O][C][C][=C][C][Branch1][C][O][=C][Branch1][C][O][C][Branch1][O][C][O][C][=C][C][=C][C][=C][Ring1][=Branch1][=C][Ring1][S],[C][Branch][:0amino][pop][Branch][:0carboxyl][pop][C][:2Catechol][Ring2][:0phenoxymethyl][pop]
mol139,C(N)(C(O)=O)C(O)(C1=CC(O)=C(O)C(C(=O)OC)=C1),20.19,[C][Branch1][C][N][Branch1][=Branch1][C][Branch1][C][O][=O][C][Branch1][C][O][C][=C][C][Branch1][C][O][=C][Branch1][C][O][C][Branch1][#Branch1][C][=Branch1][C][=O][O][C][=C][Ring1][N],[C][Branch][:0amino][pop][Branch][:0carboxyl][pop][C][Branch][:0hydroxly][pop][:2Catechol][Ring2][:0ester][Ring1][:0methyl][pop][pop]
mol140,C(N)(C(O)=O)C(O)(C1=CC(O)=C(O)C(C=C)=C1),18.18,[C][Branch1][C][N][Branch1][=Branch1][C][Branch1][C][O][=O][C][Branch1][C][O][C][=C][C][Branch1][C][O][=C][Branch1][C][O][C][Branch1][Ring1][C][=C][=C][Ring1][#Branch2],[C][Branch][:0amino][pop][Branch][:0carboxyl][pop][C][Branch][:0hydroxly][pop][:2Catechol][Ring2][:0ethenyl][pop]
mol141,C(N)(C(O)=O)C(O)(C1=CC(O)=C(O)C(C#C)=C1),17.54,[C][Branch1][C][N][Branch1][=Branch1][C][Branch1][C][O][=O][C][Branch1][C][O][C][=C][C][Branch1][C][O][=C][Branch1][C][O][C][Branch1][Ring1][C][#C][=C][Ring1][#Branch2],[C][Branch][:0amino][pop][Branch][:0carboxyl][pop][C][Branch][:0hydroxly][pop][:2Catechol][Ring2][:0ethynyl][pop]
mol142,C(N)(C(O)=O)C(O)(C1=CC(O)=C(O)C(C=CC)=C1),20.33,[C][Branch1][C][N][Branch1][=Branch1][C][Branch1][C][O][=O][C][Branch1][C][O][C][=C][C][Branch1][C][O][=C][Branch1][C][O][C][Branch1][Ring2][C][=C][C][=C][Ring1][O],[C][Branch][:0amino][pop][Branch][:0carboxyl][pop][C][Branch][:0hydroxly][pop][:2Catechol][Ring2][:0alkene][Ring1][:0methyl][pop][pop]
mol143,C(N)(C(O)=O)C(O)(C1=CC(O)=C(O)C(C#CC)=C1),18.89,[C][Branch1][C][N][Branch1][=Branch1][C][Branch1][C][O][=O][C][Branch1][C][O][C][=C][C][Branch1][C][O][=C][Branch1][C][O][C][Branch1][Ring2][C][#C][C][=C][Ring1][O],[C][Branch][:0amino][pop][Branch][:0carboxyl][pop][C][Branch][:0hydroxly][pop][:2Catechol][Ring2][:0alkyne][Ring1][:0methyl][pop][pop]
mol144,C(N)(C(O)=O)C(O)(C1=CC(O)=C(O)C(COC)=C1),20.24,[C][Branch1][C][N][Branch1][=Branch1][C][Branch1][C][O][=O][C][Branch1][C][O][C][=C][C][Branch1][C][O][=C][Branch1][C][O][C][Branch1][Ring2][C][O][C][=C][Ring1][O],[C][Branch][:0amino][pop][Branch][:0carboxyl][pop][C][Branch][:0hydroxly][pop][:2Catechol][Ring2][:0methoxymethyl][pop]
mol145,C(N)(C(O)=O)C(O)(C1=CC(O)=C(O)C(C(=O)Cl)=C1),19.22,[C][Branch1][C][N][Branch1][=Branch1][C][Branch1][C][O][=O][C][Branch1][C][O][C][=C][C][Branch1][C][O][=C][Branch1][C][O][C][Branch1][=Branch1][C][=Branch1][C][=O][Cl][=C][Ring1][O],[C][Branch][:0amino][pop][Branch][:0carboxyl][pop][C][Branch][:0hydroxly][pop][:2Catechol][Ring2][:0acylChloride][pop]
mol146,C(N)(C(O)=O)C(O)(C1=CC(O)=C(O)C(C(=O)N)=C1),19.39,[C][Branch1][C][N][Branch1][=Branch1][C][Branch1][C][O][=O][C][Branch1][C][O][C][=C][C][Branch1][C][O][=C][Branch1][C][O][C][Branch1][=Branch1][C][=Branch1][C][=O][N][=C][Ring1][O],[C][Branch][:0amino][pop][Branch][:0carboxyl][pop][C][Branch][:0hydroxly][pop][:2Catechol][Ring2][:0carbamoyl][pop]
mol147,C(N)(C(O)=O)C(O)(C1=CC(O)=C(O)C(C(=O)O)=C1),18.45,[C][Branch1][C][N][Branch1][=Branch1][C][Branch1][C][O][=O][C][Branch1][C][O][C][=C][C][Branch1][C][O][=C][Branch1][C][O][C][Branch1][=Branch1][C][=Branch1][C][=O][O][=C][Ring1][O],[C][Branch][:0amino][pop][Branch][:0carboxyl][pop][C][Branch][:0hydroxly][pop][:2Catechol][Ring2][:0carboxyl][pop]
mol148,C(N)(C(O)=O)C(O)(C1=CC(O)=C(O)C(C(C2=CC=CC=C2))=C1),18.79,[C][Branch1][C][N][Branch1][=Branch1][C][Branch1][C][O][=O][C][Branch1][C][O][C][=C][C][Branch1][C][O][=C][Branch1][C][O][C][Branch1][#Branch2][C][C][=C][C][=C][C][=C][Ring1][=Branch1][=C][Ring1][#C],[C][Branch][:0amino][pop][Branch][:0carboxyl][pop][C][Branch][:0hydroxly][pop][:2Catechol][Ring2][:0benzyl][pop]
mol149,C(N)(C(O)=O)C(O)(C1=CC(O)=C(O)C(CC(=O)(C2=CC=CC=C2))=C1),22.04,[C][Branch1][C][N][Branch1][=Branch1][C][Branch1][C][O][=O][C][Branch1][C][O][C][=C][C][Branch1][C][O][=C][Branch1][C][O][C][Branch1][=C][C][C][=Branch1][C][=O][C][=C][C][=C][C][=C][Ring1][=Branch1][=C][Ring1][P],[C][Branch][:0amino][pop][Branch][:0carboxyl][pop][C][Branch][:0hydroxly][pop][:2Catechol][Ring2][:0benzoylmethyl][pop]
mol150,C(N)(C(O)=O)C(O)(C1=CC(O)=C(O)C(CO(C2=CC=CC=C2))=C1),18.05,[C][Branch1][C][N][Branch1][=Branch1][C][Branch1][C][O][=O][C][Branch1][C][O][C][=C][C][Branch1][C][O][=C][Branch1][C][O][C][Branch1][O][C][O][C][=C][C][=C][C][=C][Ring1][=Branch1][=C][Ring1][S],[C][Branch][:0amino][pop][Branch][:0carboxyl][pop][C][Branch][:0hydroxly][pop][:2Catechol][Ring2][:0phenoxymethyl][pop]
mol151,C(N)(C(O)=O)C(C1=CC(O)=C(O)C=C1(C(=O)OC)),18.48,[C][Branch1][C][N][Branch1][=Branch1][C][Branch1][C][O][=O][C][C][=C][C][Branch1][C][O][=C][Branch1][C][O][C][=C][Ring1][Branch2][C][=Branch1][C][=O][O][C],[C][Branch][:0amino][pop][Branch][:0carboxyl][pop][C][:2Catechol][Branch][:0ester][Ring1][:0methyl][pop][pop]
mol152,C(N)(C(O)=O)C(C1=CC(O)=C(O)C=C1(C=C)),18.69,[C][Branch1][C][N][Branch1][=Branch1][C][Branch1][C][O][=O][C][C][=C][C][Branch1][C][O][=C][Branch1][C][O][C][=C][Ring1][Branch2][C][=C],[C][Branch][:0amino][pop][Branch][:0carboxyl][pop][C][:2Catechol][Branch][:0ethenyl][pop]
mol153,C(N)(C(O)=O)C(C1=CC(O)=C(O)C=C1(C#C)),17.03,[C][Branch1][C][N][Branch1][=Branch1][C][Branch1][C][O][=O][C][C][=C][C][Branch1][C][O][=C][Branch1][C][O][C][=C][Ring1][Branch2][C][#C],[C][Branch][:0amino][pop][Branch][:0carboxyl][pop][C][:2Catechol][Branch][:0ethynyl][pop]
mol154,C(N)(C(O)=O)C(C1=CC(O)=C(O)C=C1(C=CC)),20.18,[C][Branch1][C][N][Branch1][=Branch1][C][Branch1][C][O][=O][C][C][=C][C][Branch1][C][O][=C][Branch1][C][O][C][=C][Ring1][Branch2][C][=C][C],[C][Branch][:0amino][pop][Branch][:0carboxyl][pop][C][:2Catechol][Branch][:0alkene][Ring1][:0methyl][pop][pop]
mol155,C(N)(C(O)=O)C(C1=CC(O)=C(O)C=C1(C#CC)),14.01,[C][Branch1][C][N][Branch1][=Branch1][C][Branch1][C][O][=O][C][C][=C][C][Branch1][C][O][=C][Branch1][C][O][C][=C][Ring1][Branch2][C][#C][C],[C][Branch][:0amino][pop][Branch][:0carboxyl][pop][C][:2Catechol][Branch][:0alkyne][Ring1][:0methyl][pop][pop]
mol156,C(N)(C(O)=O)C(C1=CC(O)=C(O)C=C1(COC)),20.37,[C][Branch1][C][N][Branch1][=Branch1][C][Branch1][C][O][=O][C][C][=C][C][Branch1][C][O][=C][Branch1][C][O][C][=C][Ring1][Branch2][C][O][C],[C][Branch][:0amino][pop][Branch][:0carboxyl][pop][C][:2Catechol][Branch][:0methoxymethyl][pop]
mol157,C(N)(C(O)=O)C(C1=CC(O)=C(O)C=C1(C(=O)Cl)),15.46,[C][Branch1][C][N][Branch1][=Branch1][C][Branch1][C][O][=O][C][C][=C][C][Branch1][C][O][=C][Branch1][C][O][C][=C][Ring1][Branch2][C][=Branch1][C][=O][Cl],[C][Branch][:0amino][pop][Branch][:0carboxyl][pop][C][:2Catechol][Branch][:0acylChloride][pop]
mol158,C(N)(C(O)=O)C(C1=CC(O)=C(O)C=C1(C(=O)N)),16.83,[C][Branch1][C][N][Branch1][=Branch1][C][Branch1][C][O][=O][C][C][=C][C][Branch1][C][O][=C][Branch1][C][O][C][=C][Ring1][Branch2][C][=Branch1][C][=O][N],[C][Branch][:0amino][pop][Branch][:0carboxyl][pop][C][:2Catechol][Branch][:0carbamoyl][pop]
mol159,C(N)(C(O)=O)C(C1=CC(O)=C(O)C=C1(C(=O)O)),17.72,[C][Branch1][C][N][Branch1][=Branch1][C][Branch1][C][O][=O][C][C][=C][C][Branch1][C][O][=C][Branch1][C][O][C][=C][Ring1][Branch2][C][=Branch1][C][=O][O],[C][Branch][:0amino][pop][Branch][:0carboxyl][pop][C][:2Catechol][Branch][:0carboxyl][pop]
mol160,C(N)(C(O)=O)C(C1=CC(O)=C(O)C=C1(CC2=CC=CC=C2)),18.82,[C][Branch1][C][N][Branch1][=Branch1][C][Branch1][C][O][=O][C][C][=C][C][Branch1][C][O][=C][Branch1][C][O][C][=C][Ring1][Branch2][C][C][=C][C][=C][C][=C][Ring1][=Branch1],[C][Branch][:0amino][pop][Branch][:0carboxyl][pop][C][:2Catechol][Branch][:0benzyl][pop]
mol161,C(N)(C(O)=O)C(C1=CC(O)=C(O)C=C1(CC(=O)C2=CC=CC=C2)),20.91,[C][Branch1][C][N][Branch1][=Branch1][C][Branch1][C][O][=O][C][C][=C][C][Branch1][C][O][=C][Branch1][C][O][C][=C][Ring1][Branch2][C][C][=Branch1][C][=O][C][=C][C][=C][C][=C][Ring1][=Branch1],[C][Branch][:0amino][pop][Branch][:0carboxyl][pop][C][:2Catechol][Branch][:0benzoylmethyl][pop]
mol162,C(N)(C(O)=O)C(C1=CC(O)=C(O)C=C1(COC2=CC=CC=C2)),20.83,[C][Branch1][C][N][Branch1][=Branch1][C][Branch1][C][O][=O][C][C][=C][C][Branch1][C][O][=C][Branch1][C][O][C][=C][Ring1][Branch2][C][O][C][=C][C][=C][C][=C][Ring1][=Branch1],[C][Branch][:0amino][pop][Branch][:0carboxyl][pop][C][:2Catechol][Branch][:0phenoxymethyl][pop]
mol163,C1=CC(O)=C(O)C=C1,12.96,[C][=C][C][Branch1][C][O][=C][Branch1][C][O][C][=C][Ring1][Branch2],[:0Catechol]
mol164,C(CN)(C1=CC(O)=C(O)C=C1),22.86,[C][Branch1][Ring1][C][N][C][=C][C][Branch1][C][O][=C][Branch1][C][O][C][=C][Ring1][Branch2],[C][Branch][:0aminomethyl][pop][:2Catechol]
mol165,C(CN)(C1=CC(O)=C(O)C(O)=C1),18.91,[C][Branch1][Ring1][C][N][C][=C][C][Branch1][C][O][=C][Branch1][C][O][C][Branch1][C][O][=C][Ring1][=Branch2],[C][Branch][:0aminomethyl][pop][:2Catechol][Ring2][:0hydroxly][pop]
mol166,C(N)(C(=O)O)C(O)(C1=CC(O)=C(O)C=C1),24,[C][Branch1][C][N][Branch1][=Branch1][C][=Branch1][C][=O][O][C][Branch1][C][O][C][=C][C][Branch1][C][O][=C][Branch1][C][O][C][=C][Ring1][Branch2],[C][Branch][:0amino][pop][Branch][:0carboxyl][pop][C][Branch][:0hydroxly][pop][:2Catechol]
mol167,C(CN)(O)(C1=CC(O)=C(O)C=C1),22.92,[C][Branch1][Ring1][C][N][Branch1][C][O][C][=C][C][Branch1][C][O][=C][Branch1][C][O][C][=C][Ring1][Branch2],[C][Branch][:0aminomethyl][pop][Branch][:0hydroxly][pop][:2Catechol]
mol168,C(CN)(C1=CC(O)=C(O)C(OC)=C1),20.95,[C][Branch1][Ring1][C][N][C][=C][C][Branch1][C][O][=C][Branch1][C][O][C][Branch1][Ring1][O][C][=C][Ring1][#Branch2],[C][Branch][:0aminomethyl][pop][:2Catechol][Ring2][:0methoxy][pop]
mol169,C(CN)(C1=CC(O)=C(O)C(OC(F)(F)(F))=C1),24.75,[C][Branch1][Ring1][C][N][C][=C][C][Branch1][C][O][=C][Branch1][C][O][C][Branch1][#Branch2][O][C][Branch1][C][F][Branch1][C][F][F][=C][Ring1][=N],[C][Branch][:0aminomethyl][pop][:2Catechol][Ring2][O][:0trifluoromethyl][pop]
mol170,C(CN)(C1=CC(=O)C(=O)C=C1),18.59,[C][Branch1][Ring1][C][N][C][=C][C][=Branch1][C][=O][C][=Branch1][C][=O][C][=C][Ring1][Branch2],[C][Branch][:0aminomethyl][pop][:2oBenzoquinone]
